y,v1,v2,v3,v4,v5,v6,v7
1,19,5.373921168,7,-5.000032988,323,-0.065483802,10.03664731
1,79,6.195305754,10,-5.380395347,-21,-0.455210624,9.326318618
1,-87,5.864148314,26,-5.848055393,-783,-0.01537298,10.67074883
1,-16,6.873438242,13,-4.899138848,93,0.466524158,8.688155759
1,-80,7.981572147,53,-3.794992719,-273,1.404441962,6.976341862
1,4,6.655760765,7,-3.624840949,66,0.735351524,12.2373229
1,-80,7.512710792,-8,-4.415501091,25,2.222364387,7.616120777
1,-76,7.296066223,-14,-5.59514924,-608,-0.448118186,9.189920836
1,63,6.61355593,53,-5.262088684,-303,-1.046044393,10.75436395
1,-23,7.143904549,20,-2.10717383,144,0.420949385,12.79177617
1,-116,6.989980639,38,-3.098262424,-775,0.513530284,10.91282466
1,-65,5.701219814,-23,-6.434231106,84,1.064123081,10.67031391
1,-20,8.48741508,28,-3.439061014,-183,0.396406832,7.361442961
1,85,6.5440353,19,-3.166828807,260,0.316464924,12.13707158
1,-6,7.036579955,54,-8.366208508,-380,-0.142794299,5.745657084
1,49,5.274515382,7,-5.158114607,435,0.066343983,8.443830487
1,-86,4.560521262,35,-6.824906273,-612,0.557984492,10.71035468
1,73,7.144020654,76,-6.873695447,78,1.695670137,10.4465536
1,-275,6.597889255,6,-6.9948227,721,1.03627313,6.49076203
1,41,5.525183948,8,-5.270164238,-44,-0.555353296,10.86485171
1,-130,4.947934323,37,-6.730880289,-866,1.430002125,7.696129956
1,85,5.791548055,67,-7.501871335,-424,0.965307294,11.19460925
1,-111,6.634870657,11,-2.139979725,134,-0.567000917,7.720100338
1,-74,8.239893312,52,-5.4462563,-201,0.37587336,6.618218082
1,90,6.75832928,24,-6.837294885,-676,1.40718079,9.479935585
1,-104,4.969689823,10,-2.269722851,-362,-1.552393311,11.78233135
1,147,7.36130628,14,-6.569621457,-86,-0.287001164,9.538988145
1,-66,6.353916622,-6,-4.024066521,109,0.301259641,8.787908479
1,-42,6.635163255,54,-1.361934213,-934,2.486436787,9.609103852
1,-195,8.002289494,18,-2.356391304,-31,0.032508195,6.491151447
1,-64,7.276727241,39,-4.397831745,-549,1.416447637,11.17916893
1,45,7.97640805,22,-1.658786696,-154,-0.355298942,13.06753698
1,-136,6.929931168,30,-7.363311645,490,-1.156153832,10.7581331
1,-55,4.399281991,22,-5.88335088,-309,-0.246652738,8.922069399
1,-12,7.651916521,-5,-2.19026172,-143,-0.640328891,9.882241062
1,63,7.09753991,38,-4.28989017,-299,0.553587552,12.09894886
1,-31,6.475844957,22,-8.767911278,-306,-0.386789296,7.311827639
1,-131,6.863252957,76,-6.434720266,-85,1.194966138,7.108752065
1,55,4.298525895,28,-4.456388682,-221,0.416406163,6.295723546
1,-102,6.902579599,38,-2.733690719,87,1.306533637,8.791128346
1,-153,7.228777882,34,-2.57090386,-538,-0.411291995,7.530872855
1,170,6.691288551,-29,-6.299338876,-687,-0.749601408,11.59780722
1,-67,5.933183364,10,-8.498446677,-171,-1.216292814,7.244362509
1,-78,6.033052792,47,-3.053362762,-239,-1.09678549,11.34918138
1,77,7.998666903,28,-5.588091221,-619,-0.583569441,10.97915036
1,-146,6.50811986,59,-6.187031543,-267,0.277027386,11.96581946
1,39,6.629775382,39,-4.438409771,568,-0.272536399,14.06249037
1,-95,6.881495348,11,-7.781338247,-59,0.902722472,7.870581375
1,-3,6.678938105,20,-4.168525939,-747,-0.31350606,9.784166553
1,93,6.952858802,31,-0.075714551,429,-0.074379029,13.75240999
1,25,8.221806642,-8,-3.693257919,-574,-0.359230455,9.969768838
1,166,7.781461562,45,-2.662663473,-499,-0.31075152,9.670900237
1,15,6.796190723,40,-3.255602339,-967,-0.447959878,14.46805169
1,35,3.967141787,35,-5.07024844,101,-0.983518116,13.27212202
1,50,6.981816177,54,-5.641166348,4,-0.840330177,10.21825065
1,-49,7.16343371,-13,-4.55816499,-414,-0.690225524,10.48991751
1,-244,8.040825124,16,-3.392537137,-180,1.121343191,12.56289885
1,-89,5.142283193,-13,-4.429022806,-464,0.490971162,9.764280154
1,123,7.71040083,52,-7.154411099,-398,-1.080351494,14.31496361
1,-79,7.555635841,28,-4.539077848,390,-0.174157068,14.04721002
1,185,7.787410361,-32,-3.750000025,-614,-0.811804214,11.54415657
1,-58,4.81483823,85,-4.161948832,-340,-2.222059118,13.11807766
1,-138,5.728281955,18,-4.264674697,-540,-0.07915582,12.67724423
1,98,7.605556986,29,-6.025657309,-553,0.911144604,11.87394269
1,77,7.198419451,25,0.001727191,-4,0.153079231,8.090741001
1,185,7.145803684,20,-3.81525024,4,-2.641011048,12.71936217
1,-5,6.912939034,25,-4.218147553,-838,-0.863212954,8.030381205
1,-148,7.161379635,34,-4.443889051,-264,0.795821814,9.500433191
1,-110,6.968537263,33,-4.297202316,-58,0.786143653,12.98490182
1,10,8.98135524,24,-2.077675588,-318,0.746452245,8.838339697
1,182,7.402725624,19,-7.427030486,-80,-1.59006358,11.18672463
1,38,7.901614716,-4,-5.326168606,357,-0.511340409,9.544247275
1,-53,6.526434071,10,-4.568787275,-1003,-0.862228035,9.026330646
1,8,5.613267224,-23,-0.447339766,1,1.195855021,10.45381648
1,24,8.271286548,19,-5.492056494,243,-1.413630822,11.88077491
1,-72,6.731703112,15,-5.210471408,-24,1.025144741,7.531294857
1,-1,5.440197355,62,-2.865267536,-220,0.880619032,13.43104813
1,22,6.84854169,58,-7.967534741,-65,1.09584261,11.47877511
1,-59,6.535719474,12,-3.153195597,-441,0.593984076,9.988785355
1,-20,7.050308815,57,-7.404788279,-43,-0.029188581,10.47527155
1,75,6.577048247,7,-3.512437999,-1310,0.176102712,9.028416734
1,-90,3.879255544,32,-2.393918023,-480,0.78550435,10.80442379
1,118,6.037299125,30,-10.42020954,-132,-0.964185393,8.815458529
1,75,6.334764875,49,-4.816652185,-548,1.311286014,10.93080609
1,-124,7.125342361,2,-2.15532562,-1056,-1.876142614,10.92316816
1,-119,8.002104346,26,-7.659748987,-86,0.238241314,5.116654716
1,-224,8.092110706,32,-7.146217825,-335,-0.66316695,7.305890778
1,139,6.030418931,9,-8.139068282,-379,1.560279126,14.89778409
1,-84,6.536503374,15,-7.682484186,-740,0.91910459,6.890531371
1,71,8.570471074,-2,-5.938083264,113,0.401059291,8.411786822
1,1,6.471055668,25,-4.627536551,-85,1.155789892,8.785047822
1,92,8.152312602,-48,-3.357196082,53,-0.605848033,8.043378205
1,173,5.257506279,46,-7.58144123,-264,-0.902359841,7.407291179
1,156,6.084331509,12,-4.452138417,166,0.154386545,6.708826814
1,-157,6.816088473,28,-3.308479316,-26,0.099779521,10.23763715
1,-11,5.96718981,9,-8.109470703,180,-2.170608267,15.87218378
1,-50,7.232988377,43,-1.874789263,-539,0.31449341,8.491246235
1,-57,6.130516755,13,-1.921920046,-76,-0.618222843,11.62225968
1,-1,7.901018068,39,-4.274075741,274,1.288935847,7.475988112
1,64,5.560468844,45,-4.015348022,-234,-0.695497162,9.54931813
1,36,7.374448884,-14,-5.479575575,414,-0.742255729,9.714572226
1,-48,6.361148834,59,-5.568970717,553,0.281265657,9.632718068
1,88,5.324628503,22,-2.597069013,29,0.727668482,8.449502859
1,-2,7.101136405,20,-6.03267316,-315,1.203069649,8.330677572
1,95,4.274605562,20,-7.709141014,-161,0.742837741,11.68508641
1,-107,6.064679478,5,-5.337780783,-199,0.983992672,9.47060551
1,45,7.555334093,28,-5.369290849,2,-0.865148626,6.529527779
1,169,8.330392467,46,-5.890961221,-27,-1.469487203,9.594133044
1,116,6.455338109,-21,-6.256682707,-1053,0.144248681,10.80721284
1,198,6.567190927,29,-5.210903284,-648,-0.267266078,11.02686954
1,145,5.963753701,50,-7.780018961,-452,-1.835567582,10.57847596
1,-103,6.127845245,47,-4.00643659,440,-1.509125007,12.26101432
1,116,6.404448301,2,-6.234474742,-384,-1.580853054,10.74464763
1,47,6.151755815,54,-3.886545198,203,0.761688478,5.414477219
1,-41,5.879973142,-11,-2.814188271,652,-0.068860631,10.143176
1,185,6.005235491,37,-5.729602884,-422,-0.105581648,8.917660649
1,-7,3.716667161,-6,-5.130237306,315,0.241680728,6.778853556
1,44,6.05036588,15,-3.76873128,-709,1.982509742,8.612134506
1,-176,8.376324985,32,-6.672729764,-565,-2.47934773,10.36425966
1,13,6.216837115,-1,-7.4358172,-521,1.725383845,8.975463916
1,51,8.637129374,-15,-1.644757578,-432,0.04507229,6.965742077
1,-154,7.248235483,2,-5.662471116,-603,-1.043910601,11.51197531
1,117,6.206621915,-3,-3.244524245,502,0.412773806,11.18847789
1,100,6.34002047,33,-4.45252295,-334,-1.143003483,12.61492002
1,-161,5.541112061,11,-4.344342101,-149,-2.413472703,10.89588829
1,-10,6.326399108,9,-5.774704104,534,0.35391094,11.35774743
1,-9,7.306093477,33,-8.257162703,-245,0.940864363,9.724402945
1,-113,7.205563177,38,-6.33988271,-599,2.107518369,11.40545298
1,277,6.414826116,23,-3.141726699,-1098,0.909852609,11.71749511
1,-16,6.834170923,37,-6.832056672,-97,1.961187783,7.351118968
1,104,6.987753868,40,-5.470856012,-625,-0.492514027,9.090103691
1,-99,6.932928096,-8,-5.023658303,-163,0.141527048,10.84876908
1,48,4.766279277,47,-4.48083066,193,0.779404161,8.471323044
1,72,6.877779845,21,-1.803994043,557,-0.39942999,11.31949216
1,10,7.080391561,-1,-1.677121418,114,-2.144300962,10.6647777
1,18,7.212215663,33,-2.130992313,-103,-0.23954373,9.269917432
1,-42,7.642118933,50,-5.291855043,-614,-1.391723567,11.55456865
1,-17,6.099343883,27,-6.310071155,-1005,-1.570338459,8.62734296
1,-79,6.125673606,36,-4.492803699,-272,0.181898846,5.907098136
1,143,7.791547705,25,-5.970799244,-325,0.47587301,9.379124379
1,-17,6.146534931,27,-6.10382807,-163,-0.460171801,10.76339983
1,-24,4.932335886,6,-5.173534314,668,-0.458238391,10.43845747
1,77,7.177156223,71,-3.089748096,253,-0.898172075,10.17958465
1,-31,6.684658971,70,-0.251208895,-146,-1.564284806,4.341203269
1,56,6.992184703,26,-4.138228635,154,0.033573429,8.106555674
1,-134,6.60055791,13,-5.171171745,-651,0.987941989,11.13324411
1,-103,7.248108298,44,-2.734653455,17,-0.967143436,8.094960363
1,19,8.192287833,38,-4.812979385,114,-1.044053097,11.07858779
1,94,6.694399496,4,-4.274640208,158,1.931518426,11.02092545
1,-183,4.450449806,18,-3.89350271,-372,-2.495182524,10.7938215
1,43,7.374819991,39,-6.063890715,111,-1.399853556,11.47396982
1,-75,6.146247682,10,-6.198918352,-601,2.656799255,10.62579303
1,-11,7.622035008,27,-6.234184122,-403,-0.171855635,8.830316563
1,-181,7.368312576,46,-5.761122929,42,-1.177732351,12.77719944
1,1,8.07240601,32,-2.987759021,53,0.748773993,12.41642105
1,-76,6.427263849,30,-9.296695083,326,0.300989333,12.15698469
1,76,6.578092087,27,-2.817035594,-636,0.473349456,11.97256005
1,174,6.665923359,5,-5.342707636,-135,0.669492038,8.560132518
1,-42,7.365441102,35,-6.429093367,52,0.359035407,12.31194153
1,77,8.179673759,44,-6.168493458,437,1.066184915,13.46023724
1,-20,6.104430259,40,-2.895053419,37,0.079975876,10.84564794
1,-14,7.299566766,28,-6.93161914,249,2.56196192,9.609780718
1,118,6.41510248,21,-4.990249547,-284,-0.19320704,6.949613938
1,100,6.045136749,10,-2.501117137,-481,-0.107541818,11.85881222
1,-116,6.657330126,13,-4.380864123,-913,-0.478292895,10.75725642
1,-52,8.207905584,51,-3.526066228,-905,0.432597937,9.966432818
1,27,5.865333241,28,-8.377881196,-646,-0.037674607,12.09111209
1,45,6.359903062,30,-4.815203124,-523,0.447802316,13.5935649
1,329,8.408708807,27,-4.69130412,163,0.028927226,11.45305369
1,-112,4.483219874,60,-4.316712304,-677,-1.150377168,9.52724252
1,4,6.791131148,-11,-3.90656072,99,-0.660833771,10.43649594
1,50,7.224378052,25,-6.036517176,-454,-1.239904337,9.714632792
1,-22,6.798017165,38,-5.872890284,105,0.509516867,11.27423176
1,79,5.452449042,58,-6.980056311,-868,1.810256524,7.968281095
1,-51,6.036207222,27,-5.665752381,-1380,-0.049121477,14.71014931
1,24,7.609914374,12,-6.625354611,256,-3.488934168,8.816673454
1,-173,6.597339389,20,-2.47992114,-171,-1.141703512,7.846228281
1,126,7.676380843,-5,-10.89986216,122,-0.434358844,9.674015736
1,99,7.224371137,36,-5.868619854,255,-0.767877284,9.079481143
1,193,6.878987991,25,-4.815456669,40,-0.174279854,10.94044339
1,-127,8.084265506,24,-4.980539974,-531,-0.736427389,8.260022088
1,-27,6.790743603,40,-3.33837907,-846,0.137694208,7.958981587
1,-1,6.485037355,32,-8.780723751,291,0.265047832,8.814779644
1,-27,6.135734891,14,-3.206626376,-315,-1.721521654,9.302984791
1,68,6.164541252,-8,-6.714690637,-1052,0.120411237,10.13968102
1,164,5.849374923,35,-1.86276565,395,0.700327354,7.181224187
1,-88,8.471088076,-21,-1.384800283,-841,-0.303925874,8.752909744
1,-116,7.895002426,25,-4.724514102,398,0.860469999,12.22448376
1,-211,5.282655278,42,-5.582413123,-45,-0.170510702,9.083603142
1,-162,7.782830465,23,-4.388820328,-423,-0.872614557,9.54360512
1,51,5.991008025,32,-2.840934727,290,2.013232202,13.10443683
1,-118,7.985176503,11,-4.012666548,-365,0.481040479,9.815187084
1,-6,7.797543658,26,-5.29576794,-287,-0.42610366,8.349341353
1,-102,2.797658251,56,-3.902215319,-433,0.068639821,12.03096156
1,-86,7.887603955,18,-3.29094008,-446,1.953718262,11.0204252
1,-34,3.871524769,5,-5.670495844,-1201,0.488695498,11.05266811
1,-134,5.003306328,37,-3.244961052,-362,0.818923345,12.89655664
1,-67,6.582642822,-6,-5.076856549,-267,1.109229083,9.319534424
1,123,6.619229443,19,-4.24777937,-648,1.360105849,11.52585169
1,108,7.242909757,63,-1.780886418,-90,0.432803372,8.190744182
0,8,7.796147347,6,-5.669489451,-732,0.400591547,7.614378449
0,-90,8.737610029,6,-6.80916489,-346,-0.623776918,12.3199406
0,24,6.639144425,6,-8.00999916,42,-0.804040587,12.26078663
0,72,6.554286662,9,-0.939191655,-552,-1.017619537,8.565687857
0,169,6.830396831,1,-3.918731143,-648,0.606865754,14.50195715
0,127,7.421467076,9,-12.12406526,-169,0.906341972,15.44554412
0,-83,7.885631904,32,-2.938639404,-11,0.866475622,8.469126433
0,270,6.896743607,19,0.420226856,-119,-1.490227055,13.45129519
0,112,7.426499422,14,-4.151634286,52,0.923746159,6.11005494
0,7,6.82456005,12,-5.835099807,-95,-0.534758028,7.923233155
0,84,6.458315987,9,-3.752378178,-28,0.068358513,13.58828634
0,71,7.071222809,27,-5.294565548,-22,1.141198347,8.909715348
0,1,8.169520304,4,-3.748308429,58,-2.426773391,4.39249901
0,-57,6.006767697,4,-0.230622521,-211,-0.619105481,4.685534168
0,14,7.619884159,30,1.640764082,-86,-0.867949337,11.19028072
0,-6,8.004972148,20,-0.346250585,-92,0.347033037,6.568355687
0,-56,7.220405509,2,-2.082267922,-769,-0.887499288,10.66352825
0,22,7.199388347,2,-3.254723691,-126,-1.99665702,9.26249136
0,3,6.20819739,2,3.319989073,224,-1.174144803,3.909285265
0,-230,5.794409928,7,-1.703995409,-206,-1.434007341,12.56754632
0,-51,6.321166568,8,-4.677984585,-906,0.211733682,14.86949636
0,-83,6.924584222,0,-0.914515001,187,-1.049508775,5.377716484
0,231,5.37032719,4,-3.036236083,-211,-1.800658899,10.86082202
0,27,8.052611918,7,-5.35719724,-73,0.35115847,5.492308965
0,54,6.145104134,6,-2.280795637,130,-0.947731562,6.134195108
0,96,6.95906371,14,-2.939259417,266,-0.943404812,9.394270126
0,-79,7.505754124,4,-1.537371051,-346,0.902796037,5.637328225
0,-50,6.34864265,2,-4.5520674,-702,-0.699547287,11.23077289
0,103,7.485281511,3,2.444175306,51,-0.304021854,8.610667228
0,-118,6.815202393,8,-6.201323835,-646,0.395170209,6.692228911
0,59,7.677453582,4,0.778420995,-396,-1.810651424,8.252317376
0,37,7.037631537,9,-2.361249397,13,1.363887218,9.151946236
0,59,7.554663496,12,-2.494533899,-890,-0.141558233,4.079834135
0,215,6.844223505,10,-9.403080555,130,0.993936069,4.276564108
0,45,8.091068098,13,-2.84255726,130,-0.321985494,9.288024456
0,-12,7.054667889,5,0.278819782,-412,1.072444182,8.381508662
0,15,6.71799035,2,-8.546496757,-406,1.050069495,9.192996191
0,126,6.827313855,4,-9.067108597,760,-0.0863713,8.197809034
0,73,8.781047001,11,-9.070603948,908,-0.840782714,11.78078185
0,-14,6.882889775,3,-11.62335001,16,-1.443789012,4.166403883
0,-3,7.788588419,15,-2.934809412,-557,0.786497569,13.78956683
0,-46,7.450054731,8,0.796785992,-234,-2.482206234,8.195365805
0,-10,7.677246052,9,-8.150967908,-185,1.042956451,7.652332147
0,117,4.185069865,16,-1.802789819,-237,-1.607900796,5.439208035
0,-133,6.808966895,47,-0.439993555,-434,0.404419298,12.6404565
0,-192,6.243585451,3,-7.833241905,-531,-1.48086756,4.908656766
0,91,7.958440096,0,-3.918818034,494,0.609075929,7.994338469
0,-12,6.398249064,0,4.314375588,-803,0.034760087,8.88418684
0,-19,8.394815899,8,-10.17784489,-82,-1.493443681,12.71817921
0,-240,5.783828094,17,-5.737745351,-62,0.876904448,0.66281213
0,-140,7.947351299,1,-4.067541439,551,-1.746561324,8.664156683
0,-50,7.180730638,3,1.743370892,-506,0.365156138,9.964365189
0,28,8.257032001,29,-1.635297441,-143,-1.476029761,7.106394913
0,-72,7.071883836,24,-8.992414736,-127,-1.354001648,6.855841282
0,154,7.019569941,14,-6.444642619,3,-0.82252604,6.123288721
0,-56,7.165079171,13,-5.838145524,483,0.078265466,10.56920859
0,-15,6.920848306,3,-5.793287365,357,-0.136081163,7.122760988
0,-125,8.016583766,12,-5.138124295,143,-0.909863989,7.106616443
0,-83,6.737164543,15,-4.848149393,-385,-0.418341665,14.07495133
0,15,7.831528673,19,-3.563694383,-175,-1.83130132,12.30951508
0,36,7.799726499,10,-8.291026265,-990,-0.786558238,10.24237103
0,-73,6.200795952,13,-4.247470679,-326,1.116287433,4.036642848
0,-24,6.706764169,27,1.810436113,480,-0.199611343,5.551178614
0,36,7.527474485,2,0.643037856,-337,-2.177254001,8.151850239
0,-249,7.696206428,15,-12.29341385,-845,-1.577681304,8.402755468
0,13,6.707031026,16,-9.531360452,-757,-0.255438287,10.02935147
0,-100,7.41214969,8,0.709024417,457,0.254538559,12.971938
0,153,7.253757792,1,8.91720352,-521,2.389987758,11.03571283
0,48,7.713948512,2,-7.771070794,231,-1.546469363,3.379839788
0,14,7.370784902,2,-5.589532086,296,-0.039505394,4.957950751
0,-52,7.347575593,3,-3.437808868,-945,-0.938103773,8.238814628
0,157,6.898637711,3,-2.876814986,-350,0.58098471,11.65314
0,32,6.728109968,36,0.898688748,-702,0.784243907,8.988135529
0,23,5.971853558,31,-4.849074761,19,-0.425808655,4.798445646
0,148,5.998070368,21,-4.764230163,-208,0.27801698,8.038478614
0,-4,6.474436412,9,-1.545740311,-336,1.529936058,10.69067104
0,-109,8.96987674,12,-6.175984688,-886,0.253840179,13.12135559
0,203,6.069782658,2,4.598792895,-383,-0.512351521,5.856511264
0,-56,6.431203555,6,1.05897286,-310,0.413060219,6.697892193
0,-39,6.404534792,6,1.608938123,-147,-0.675495505,10.48892567
0,77,8.021724803,4,-1.458748522,-656,1.278013522,10.81484668
0,-88,6.565326488,0,0.347488018,232,1.288092643,15.74236813
0,-102,7.984151584,4,-0.4084298,-400,-0.388725304,4.633004225
0,38,6.958639378,0,-4.153459342,-637,-0.655754086,8.701921749
0,-5,7.488223341,24,-5.853402364,-585,-0.912851448,8.763577733
0,38,6.1543945,2,-3.769565121,-719,0.21480261,7.557785779
0,88,7.636637455,19,-10.13646191,65,-0.797454517,8.258866605
0,-6,5.48523542,17,-0.252144333,-335,1.109663742,7.661110829
0,8,6.955610764,13,-2.567419241,-641,-0.300788339,3.451410066
0,23,6.96837216,10,-1.655791567,116,-0.749480851,6.179169575
0,162,7.323452094,6,-4.643495106,805,1.270028567,13.26297177
0,-221,7.547723579,2,0.124154175,-491,0.473312331,10.16398267
0,-71,7.879158148,31,2.217991237,26,-0.463213024,12.75891682
0,-21,7.679124503,5,-3.392690429,-948,0.310647449,1.821876764
0,77,8.382486334,0,-7.146705296,-120,-0.67838164,11.65304527
0,191,7.193724308,12,-0.380142744,93,-0.541711832,9.772665074
0,51,5.749813656,0,-3.460244005,-97,0.487513518,18.67053209
0,132,8.07813427,17,-3.450628636,-680,-0.420822293,8.170164392
0,5,6.505988565,7,-6.67008725,312,-1.41956181,7.30266027
0,-24,7.822942947,2,-6.571169704,-380,-1.284875491,11.97509297
0,60,8.524084218,2,-2.125408213,-523,0.028003352,9.599514084
0,58,6.488462344,12,0.466908034,-78,0.659718549,5.115927345
0,-33,5.821694318,4,-1.051474315,-648,0.567216143,12.65069533
0,-6,5.983032796,52,-5.281760847,-461,1.634736232,8.683143803
0,37,7.860207857,5,-9.574963757,995,-0.695299327,14.55494492
0,74,8.235556232,17,-3.228291337,-980,1.2499768,12.89793546
0,-141,7.611732168,23,-6.818477958,-1522,0.771678528,2.485817787
0,-35,8.107749486,0,-0.721860198,-269,0.878591228,10.89387606
0,139,4.528227212,9,-3.751628612,9,1.638754711,3.801576146
0,87,7.37485986,7,-6.528773488,-127,-0.568609534,8.433079679
0,-45,5.799488931,17,1.247370298,-98,-0.304498107,4.506456361
0,141,7.009683386,9,-7.119510669,363,1.086647953,9.618246905
0,-191,6.523440591,1,-8.877994946,-83,0.369574299,4.865718534
0,-60,7.876909023,15,-0.698199505,-364,1.375199624,13.50487286
0,-109,7.162944059,26,-5.94845432,-388,1.581598703,7.007612465
0,80,7.156497794,6,-6.445558973,-230,-0.910104324,10.4220584
0,47,6.814410193,2,-0.971922482,-301,0.991153144,11.77088711
0,-70,6.710775274,29,0.441283832,-460,0.566705921,7.964810791
0,-46,7.361309398,3,-6.482437842,-340,-0.374799446,10.19970449
0,88,6.453511546,0,0.019846277,116,-1.157996961,10.21362665
0,38,7.027530369,4,-3.25063923,-763,0.704066831,10.88183741
0,35,7.489063469,13,-0.458872059,650,0.094710613,11.40500151
0,-13,6.761710381,19,2.406059853,-364,-1.189334103,10.90720308
0,2,7.509284577,7,-2.446293542,-87,-1.104560513,10.17807302
0,60,7.427592343,18,-0.710240784,496,-0.422813609,9.104743282
0,65,7.783079722,5,-5.584341532,-296,-2.40072796,8.611188599
0,72,5.539238818,25,0.058477737,-396,-1.329671861,13.68203229
0,150,6.108273206,10,-8.204146927,-93,-1.334586785,3.969002137
0,108,6.601691072,2,0.819132266,86,-0.820735677,12.90580692
0,-43,7.954527743,0,-4.003928153,-607,-2.116609918,7.334809968
0,-44,7.77580839,1,-3.746219887,-331,3.326096283,5.236574858
0,-153,7.62137942,9,-0.991880245,-38,2.44439515,7.139012486
0,49,7.279256356,7,-4.650259407,353,1.205311132,10.51464868
0,-45,7.305884327,7,0.10744708,-255,0.632784988,4.754228884
0,-66,6.560195169,2,-2.254516713,-515,0.126901119,13.74353151
0,-51,8.480974969,3,-2.631740941,104,-0.682526994,10.45662793
0,9,5.831968468,8,-9.881996225,-539,-0.715658512,9.451342289
0,-82,7.180059915,6,-4.190857228,-397,0.059636653,8.939827801
0,78,6.61507949,43,-4.845603503,-373,0.924133985,5.385670612
0,122,7.138244728,9,-2.201423833,128,0.543025471,9.501933899
0,-20,7.086637524,7,-2.507988246,35,-0.110589089,13.13800269
0,2,8.089465127,43,-1.178424973,21,-0.484957734,4.347069652
0,-19,7.071327235,6,-3.54841507,-361,-0.20728448,5.43200311
0,-15,4.967545484,1,-6.722306562,35,-1.214150611,7.274918486
0,36,6.857796693,0,-6.397067838,-436,-0.523844761,13.61921838
0,-10,8.012043899,0,-1.995745171,-209,0.677010106,6.248554555
0,-29,5.996621337,5,-8.303794733,-685,0.826482049,6.881272463
0,70,7.696132201,6,-1.440833757,-327,0.41187782,7.279923831
0,-67,8.02612579,0,-0.824511488,-17,-0.05965729,15.23362879
0,-7,7.883786209,10,-6.091305362,225,-0.548416414,16.1652731
0,45,7.913636877,3,-5.838960994,-373,0.84962274,6.759590426
0,201,7.767189904,9,1.66327331,-188,0.345612023,6.140016628
0,-178,6.461262997,2,-3.178244333,-100,-1.606517032,11.29226032
0,-35,8.206070017,43,-2.310563758,-29,1.211487003,3.28396692
0,62,7.144838362,0,-2.824333093,82,-0.185362441,7.736842652
0,-101,6.544936491,8,2.249046795,-108,0.28918158,6.127698897
0,-45,7.449648392,24,3.462803661,-39,-0.406110148,12.15461259
0,27,7.115937035,1,-11.26538698,-281,-0.571653952,15.20417144
0,-43,6.550879394,1,-3.84841783,-152,2.125159282,9.220315471
0,155,4.69401726,43,4.55910051,264,0.603940711,11.80253031
0,87,7.892716274,14,1.494660352,681,0.36939847,12.57927024
0,36,6.276864803,0,-8.537192272,-420,-0.329965281,6.36471113
0,55,6.470266164,12,1.599878211,480,0.035707081,3.732558344
0,-6,8.171305649,0,-10.82494629,-248,-1.193253956,9.620159295
0,-52,7.899921437,4,-6.693837708,213,0.931649728,5.429856563
0,-53,8.198287205,13,-8.384351192,51,-1.799171629,6.33595879
0,114,7.637820454,12,-4.929827662,-437,1.044988346,3.514150794
0,62,7.497151489,0,-0.37851554,-567,1.439178218,12.87964434
0,-103,5.894638591,2,-5.270338758,-480,1.264232855,3.577925766
0,-11,7.047952532,0,-8.073585461,224,1.704178236,12.81248385
0,-44,6.810374489,7,-4.118514941,234,0.196596058,12.53693305
0,-29,7.458969435,44,-14.75856446,-427,-0.978893902,6.736832159
0,54,7.82593763,9,-0.819844661,-360,-1.76863377,7.383329541
0,-4,6.853337395,1,-12.12634418,163,1.029068081,4.668876106
0,-90,7.116266099,2,-3.911525439,-343,1.592197325,9.413543102
0,-41,6.471784056,12,-7.549353801,-46,0.480623161,10.14564789
0,-118,7.860958952,3,-0.248764874,-11,-1.335195277,8.404945785
0,-105,7.090091745,11,-4.003579121,17,-0.626077019,9.450370127
0,10,5.910865348,10,-2.05062302,366,-2.522664801,11.81666965
0,-122,6.557443533,0,-1.782624567,280,-0.962332352,5.199306167
0,-203,6.839741803,1,-3.091968129,-502,-1.234520131,10.62510218
0,-231,7.368796572,10,-1.758141405,-812,0.319673598,11.98497476
0,-87,6.870617549,3,-5.931760964,-677,-0.388586661,11.73553048
0,51,7.018790651,0,-4.836692624,-759,0.721522789,14.69247764
0,222,5.310499621,2,-2.272282844,193,0.818629085,8.326035286
0,13,8.100236156,8,-3.526824318,-1262,-0.499138361,5.39042889
0,71,6.158146366,8,-4.632950978,297,0.324157626,12.53840162
0,-311,6.737000163,9,-2.600547361,-214,0.265434701,11.76040256
0,-85,6.860603048,4,-8.714238146,-436,-0.490564725,10.51134275
0,46,6.341900936,1,1.440496257,-628,0.815621711,2.02975146
0,89,6.520096613,4,-10.30342644,-379,0.099602783,7.901482742
0,-178,6.983134342,22,-8.160769248,-505,-1.148721787,7.012449914
0,-86,6.453763423,9,-2.432309579,-615,-1.29763295,6.023381478
0,55,5.515185727,4,1.211432793,-528,-0.785202613,9.834090924
0,-95,7.821136059,24,-5.702756362,19,-0.092952366,6.630798582
0,54,8.903707142,22,1.582672787,-904,-1.036473661,11.79163921
0,75,8.093750843,17,-1.999615178,-383,0.322373938,8.537699311
0,123,6.238807185,4,-8.415732485,106,-0.428586464,11.41655944
0,135,7.191077102,41,-2.921259787,-550,0.544238324,8.986806643
0,-6,6.512887817,15,-8.057411645,-514,-0.683861185,13.89459546
0,-158,8.513884479,5,-2.308997255,-1110,-0.20667447,11.13061814
0,84,7.461956224,5,-2.236804265,-306,-0.769735129,14.55148068
0,18,8.284229847,26,5.144466501,445,-2.766104249,5.591037259
0,-136,7.73136123,4,-9.616054495,-66,-0.619112512,9.251851207
0,4,7.730995021,1,0.297460349,-375,-0.159585384,9.196139873
0,-82,6.004501051,3,-5.852274959,422,0.142818769,5.107502133
0,92,6.62427441,4,-5.058366189,-896,0.207004383,6.192174198
0,273,7.180283417,15,-10.17992365,-630,0.943624739,3.291120675
0,-27,7.749231211,11,-3.576407945,-1077,1.749708945,9.490116627
0,-194,7.411359001,1,2.175064931,158,-0.053066468,9.830585361
0,-241,7.395366117,10,-2.594225403,402,-0.439523458,10.72380147
0,201,7.760720338,5,-5.496059797,-117,0.552088855,13.54634772
0,-88,6.191741742,9,-8.253455797,517,0.279405577,13.26677107
0,11,7.058744335,2,0.912891017,97,0.322143989,12.61687425
0,-66,7.016295488,4,4.565119848,-128,-1.277273472,7.961237573
0,-54,7.708863055,5,-1.746195211,-573,0.102720205,16.60048533
0,-82,5.649555758,14,-8.753561426,48,0.463542165,5.036308772
0,90,8.431460586,3,-6.552906773,294,-0.416423417,13.20016506
0,61,7.208528112,5,-1.393321945,-10,-1.150845192,10.95715419
0,-14,7.566921531,0,-6.070412705,-331,-0.81061948,15.65306407
0,63,8.448339467,4,-2.006248665,-200,0.477921476,6.873067278
0,-68,6.654986604,12,-7.170565728,-703,-0.963041079,4.68615506
0,1,4.752078924,7,-13.08097044,-525,-0.174220889,11.07962801
0,-47,8.224424083,0,-11.67227282,1245,-0.753694277,11.99419235
0,16,7.320603499,43,-9.884192381,-320,-0.244099137,8.045210423
0,13,6.40002042,6,-6.172878761,-56,1.158380496,6.966068486
0,-38,9.037037218,18,-3.682544781,-184,-1.219824498,12.12028008
0,-9,7.591397001,3,-6.460410352,-543,-0.266384969,11.48614644
0,1,6.90741908,4,-0.102672887,-413,2.490902677,7.583397943
0,-147,8.017659623,12,1.878956935,-659,-0.515506745,11.86936561
0,-17,7.117899707,0,-11.43549258,-830,0.066193627,11.61924191
0,-12,7.780734027,3,-0.878555052,-415,-2.263366091,12.56076674
0,-124,7.497555451,0,-3.083901081,652,0.139343004,9.375165289
0,-155,6.213435172,10,-10.58048598,-941,-1.494926549,3.992995178
0,-32,8.285963116,16,-3.627147289,-539,-1.736771648,8.214525239
0,-46,7.368751227,49,8.244939467,-307,2.284511264,8.778456994
0,-48,8.475179898,0,-2.735349844,-232,-0.194385224,12.31937632
0,-35,6.504798,4,-1.555686068,188,-0.162408494,13.95557185
0,-87,8.199440254,5,-5.669671104,-520,0.410646897,11.8341837
0,102,7.412940373,17,-3.679211333,-336,0.795497616,9.653468417
0,-38,7.702601984,0,-1.732397747,-13,-0.223304778,5.37077554
0,-88,8.120070925,6,-3.101877737,274,0.461546472,4.862080519
0,41,6.817132427,6,-5.796648828,-380,0.360403961,8.76199756
0,16,7.422143509,20,-2.355745232,-298,-0.374062022,10.95222182
0,119,7.63560998,21,-4.315754825,9,-0.665572608,9.747944627
0,-26,7.613389183,13,3.085048292,20,-1.060399829,7.550816243
0,51,6.752133519,14,-6.173910958,-498,-1.848588694,13.41419223
0,-13,7.961985261,9,-5.020583347,-385,1.10077578,10.64216225
0,55,7.834393259,3,-1.855668402,-387,-1.04213726,2.083520463
0,9,5.187351101,8,-9.704694321,-481,-1.223979378,9.798317533
0,-156,7.371744973,11,-7.816103553,-222,1.231301992,4.62948526
0,-82,5.107770459,10,1.229262824,-583,-0.774834802,12.59359656
0,193,5.804798078,15,-7.309921488,-510,-1.669026817,8.89438575
0,74,7.698776224,3,-3.758846191,391,0.056620563,7.880837919
0,-113,7.810208737,4,-9.402652205,162,0.38256107,5.177182308
0,11,6.967385788,8,-1.199379264,-578,0.164276153,9.141986458
0,-57,8.233820205,28,0.379115484,-565,0.788735495,6.615934161
0,10,7.590292612,3,-7.890275549,-897,-0.721283843,9.485417767
0,-14,7.870910858,0,-2.434808441,-623,0.005614621,0.881755966
0,3,7.00784752,1,-6.045863381,5,1.489911265,11.48643582
0,102,7.224520154,10,-2.582595802,-249,1.145074795,9.969723626
0,53,6.161962621,6,5.375110966,95,-1.861824828,13.09803128
0,-183,7.326796203,8,-2.259032242,235,-0.273446508,3.213377226
0,-34,7.138720467,0,0.786613611,-413,0.688150908,10.80889759
0,72,5.681769575,3,-0.262179098,-648,-1.309451036,11.22330878
0,118,6.548763048,2,-8.583033778,-452,-0.847331945,3.648193424
0,-54,7.219921481,2,-5.961655093,-265,0.147437062,3.493681915
0,60,6.362274746,22,-7.261781122,-92,0.599305419,8.153403236
0,24,5.63826744,35,1.208706317,180,-1.121105944,6.722533836
0,65,6.478593672,7,-5.63569375,140,-1.862630931,11.8968525
0,-43,6.879370455,8,-5.011179197,-730,-0.83801214,11.84778392
0,27,7.718810376,8,1.572559265,-462,-0.142952306,14.23761647
0,-19,8.579929127,16,-5.797820718,-339,-0.222033566,5.545454892
0,51,7.725994517,3,-4.095295155,-203,0.7562308,9.284587
0,-15,5.493461731,11,-2.644185453,-30,-0.19283371,11.6789052
0,46,8.606705158,26,-3.892410772,-48,-0.624760038,11.8966032
0,106,7.797278217,7,-6.131655698,213,-0.865404553,5.63882358
0,-68,7.461369367,14,-4.843337931,-152,1.38588052,2.190433921
0,-163,5.970901374,30,5.166395912,-986,-0.942740748,12.36649018
0,-83,7.912818505,18,1.008389287,-93,-0.343602877,12.62815518
0,108,8.485499698,15,2.222030477,116,0.426719926,12.46055372
0,-108,7.193469575,0,-3.972290312,260,1.303067493,9.322940368
0,-121,8.870702967,11,-3.052149251,-470,0.197519516,13.00222527
0,-9,6.905797652,4,-0.602856712,464,-0.732309073,1.7571926
0,-19,7.782912253,10,-9.488058853,-455,1.943660368,6.400690318
0,137,7.068091764,4,1.625220623,641,-1.372140981,10.10021964
0,-53,7.203698233,5,-2.440938878,-297,-0.845003154,9.927518047
0,90,8.047284474,10,0.827824822,-486,-1.092685007,10.12223367
0,-23,7.187065435,2,-8.015126138,-134,0.067127211,9.525912081
0,117,7.776309063,7,-7.419769543,-177,-1.766272985,2.836508889
0,-320,8.681466542,6,-6.645867722,-452,-0.112924088,7.642946472
0,-85,8.451621086,10,-2.668887751,-380,-0.967148745,10.01444643
0,8,8.413112928,7,-11.65289516,-28,0.342281424,12.01246155
0,46,8.038823305,12,-0.854549256,60,0.831367923,5.1106353
0,7,7.423467271,13,-4.763105685,-343,1.353347851,3.684728123
0,-44,7.837930133,11,-4.290061846,327,0.239972957,14.15383104
0,7,8.243609184,7,-1.761897501,-239,0.42140987,9.653058761
0,135,7.454774874,13,-9.050550304,-339,-0.268441574,7.733443009
0,140,7.238529037,10,-4.060350851,90,-0.207563135,9.709929934
0,-15,6.69694076,29,-7.083495751,-1105,-0.349827399,4.675127635
0,-182,6.428092414,3,1.105207161,32,-0.844450995,7.752305667
0,-17,6.468538428,4,-10.51387013,69,-1.371942472,5.336447043
0,200,6.957943835,32,-4.184850757,-737,-1.58766371,10.69499729
0,-11,5.237367782,3,-1.019572748,77,-0.263650519,5.087808958
0,-274,7.604440885,6,-2.791615223,-141,-0.218549572,5.509235904
0,135,6.40863151,3,-2.52240459,-225,0.516167398,5.925467481
0,-142,6.959726871,2,-1.240463326,-736,-1.832090518,10.91094484
0,-23,8.09062126,6,0.793986306,-201,0.071646781,6.696292642
0,-147,6.376955003,20,-0.904885696,-748,0.493436947,5.180814271
0,136,7.346676469,19,-2.327364881,-1068,-0.644796674,13.89646916
0,147,6.406298302,1,1.30423337,-267,0.702516821,10.62684803
0,123,5.558946548,13,-8.971473046,326,-0.104933739,3.970360732
0,-90,5.521991819,23,-2.184818664,-452,0.753946916,9.886933894
0,101,7.422970331,7,2.067697279,432,0.419501115,4.749565024
0,-40,8.514227959,5,-1.375855532,-254,0.346221644,9.487953778
0,147,8.770916192,5,-0.903959704,-373,0.54158045,4.830050769
0,45,7.695175492,0,5.768811457,-283,0.654413814,7.423763388
0,-2,7.660696359,15,4.233233168,-222,0.163709598,8.598320719
0,57,8.000240368,30,-2.179088338,-9,-0.621478581,11.37070309
0,83,5.607427351,9,-7.177323098,-170,1.017845984,8.591875029
0,-129,8.227492394,0,4.515187336,283,-0.647623895,8.528495766
0,-64,8.000183928,6,-4.119840703,-187,0.351885426,7.499311978
0,56,7.0694105,4,-4.881320734,-450,1.03447676,7.669109704
0,-117,6.975850859,3,-3.400995195,-409,-0.604453857,8.215977096
0,-56,7.041979598,28,-4.193234234,87,-0.257890048,6.869882481
0,87,7.416067302,9,-7.390989128,-232,1.784136142,10.44333336
0,50,6.948679609,2,-0.130946123,-670,-0.147736239,8.878185032
0,-128,6.84221672,10,-6.648322384,75,0.60788469,7.722306633
0,-49,8.200326571,4,-3.518670504,58,-0.320885646,8.956603538
0,-84,7.036700452,12,-6.562073661,-660,-0.415773704,5.640588021
0,38,7.794971464,13,-1.466781791,-65,1.366508754,11.23553782
0,78,6.94176597,2,-0.205541567,-520,0.349631434,7.366446418
0,7,6.569974703,10,-7.629014855,-317,-0.421885825,9.673901128
0,69,6.833510764,1,-3.525960111,-1046,-1.687852819,10.31783036
0,-134,7.387741384,12,-3.461773776,160,0.685471914,8.58785335
0,-104,7.354653081,42,-10.88731567,-706,-0.357410142,10.90420233
0,76,7.937798174,5,-6.500931659,5,0.88365827,3.453458984
0,31,7.516362852,41,1.729729174,28,0.363137463,8.028877056
0,-114,6.556747959,29,-6.818567579,163,-0.249420575,10.84290197
0,34,6.370510168,14,-4.893042466,75,-0.625233769,10.85832958
0,16,7.687973598,14,-8.389445025,165,-0.568330919,10.17547207
0,36,6.899296954,3,-7.065252913,-98,-0.754044554,12.92993768
0,36,7.709240015,4,-8.670252545,-577,0.138605037,6.737051502
0,30,7.120643102,7,-6.424173,-1013,-0.644066477,9.5811805
0,-154,8.369758461,12,-0.771848734,66,-1.208448493,8.213553331
0,62,7.960587637,3,-13.42005063,-135,-1.598512938,7.107984806
0,-75,8.744470893,2,-11.37229893,-557,-1.922435253,13.23528066
0,-40,6.707856606,0,-5.200609603,-400,0.316506206,9.318138896
0,-25,6.547714586,44,-6.091621425,231,-1.700054967,10.84342203
0,71,7.851742531,4,-5.506974923,159,0.024694759,7.26060074
0,-72,6.770441035,33,-5.15868175,179,0.672888369,6.967399051
0,-84,6.501517115,0,-4.105452662,-852,0.829120678,10.27716495
0,-32,5.932869477,1,4.847402869,616,1.19798931,9.602747249
0,-76,7.131359822,2,0.73111765,-649,-0.635899555,6.206667791
0,227,7.947732725,11,-9.248635078,-133,-0.203157747,9.075669138
0,-21,7.831366431,1,-7.741262168,-627,-1.31626344,11.18377675
0,-43,5.748246495,10,-6.413161913,-185,-1.111309206,3.268361117
0,-15,7.57108624,15,-8.925353206,312,-0.315963086,6.132215927
0,-32,6.347080138,6,-11.24116427,-350,-1.088028113,7.858330176
0,9,8.04019885,3,-10.56523263,334,-1.738620001,9.262660869
0,62,7.895142173,2,-3.353579102,-44,0.341776375,5.272257112
0,-64,8.408296833,9,-3.182056026,431,0.038347942,5.23202859
0,81,6.801155442,11,-1.885502823,-670,-0.51248039,9.92161896
0,56,6.891359056,3,-2.468370168,-81,-0.321866525,14.25391049
0,-13,7.424331929,2,-2.515344919,-349,-1.40951241,10.13171593
0,-80,7.014590724,30,-5.715876419,23,1.063321206,10.80665835
0,93,7.73483248,8,-2.140912255,484,-0.645609982,6.707297133
0,-120,7.558610172,10,1.574978097,-1192,-2.011298142,7.779258521
0,80,8.097589239,11,3.890345098,-212,-1.185442828,9.801126521
0,30,6.503663466,6,-7.487697116,-346,0.284218089,8.10273212
0,165,7.016850238,12,0.058571101,460,0.173033595,7.624773393
0,-36,6.83453385,0,-4.033446495,-177,0.506897148,5.423710119
0,-75,7.86202883,5,-7.861887236,171,-0.100002362,6.163141562
0,107,7.909584332,1,-4.865299512,-243,-0.359190116,9.128861934
0,97,7.832717064,5,-1.427143101,-421,0.071549086,11.62051649
0,-142,5.724363027,4,-13.15695533,16,1.526135087,7.031268861
0,76,6.506249107,5,-7.963024699,-130,-0.359323043,9.479907876
0,86,7.009944737,4,-1.11466,-347,-0.35304211,11.54997554
0,39,7.32413326,0,-2.111256547,585,1.56893322,8.32577575
0,99,6.18725128,1,-0.477169523,341,1.971032689,9.962512872
0,17,9.248417721,4,-4.069292235,273,-0.089472404,4.097269479
0,-18,6.962773128,14,-0.944097484,-595,-0.664859401,4.439245626
0,-84,8.391307492,10,-13.88507106,8,-1.133729766,13.59146145
0,-51,7.324192486,0,-4.887036742,411,0.448087082,9.844156703
0,-63,7.671341376,4,2.593430401,174,0.510315033,15.14977198
0,144,7.890311067,6,-10.30015004,-458,0.176803709,12.2082332
0,36,6.781114812,1,-8.233873787,-516,0.926532294,9.871870931
0,-83,7.067557803,4,-2.930244268,377,-1.712339906,3.779570223
0,61,7.279458454,31,2.667291431,332,-1.383033413,5.997138997
0,-45,8.488217591,5,-0.025911775,-36,-0.44982304,3.608589882
0,80,7.94512569,16,-3.910474684,-1200,-0.025306592,8.780382935
0,20,7.772015116,13,-4.177158263,27,-1.183723903,4.460158702
0,72,7.231591076,9,-12.57665326,167,-0.751301218,9.248798491
0,208,8.81513941,1,-7.680628531,-357,1.368656441,8.284268777
0,6,7.076879844,5,-1.115711159,326,0.39646032,6.642476828
0,-106,6.771509355,14,-9.032976758,172,1.373056949,10.30582635
0,-64,6.408864985,10,-9.02346392,-428,0.804452856,15.85205789
0,172,8.20317587,1,-8.503028723,-2,0.871871939,8.850647972
0,-77,7.680113525,4,-9.324132405,107,0.221821086,6.788614304
0,166,8.279904007,8,-4.852036967,-438,-0.214939211,8.197517284
0,-19,7.942439795,9,1.409908593,-226,-2.110715113,7.236619554
0,41,5.727282307,3,-4.60712993,-811,0.313886752,8.735051514
0,-86,7.748171357,0,2.077445056,117,0.291396125,7.041722161
0,-49,7.331785956,0,2.837897299,-169,1.755433958,10.31429558
0,174,7.252663619,2,-1.588567217,235,0.828218388,9.641807258
0,-80,6.307484452,9,-6.374031329,-316,0.025586856,9.173657937
0,52,8.881517059,61,-11.1204021,-169,-0.321174064,13.58561516
0,-40,7.639303083,25,-6.212338972,-360,-0.527713947,7.917156032
0,296,6.602445668,6,-2.03516046,-226,0.407159774,10.59719029
0,112,5.982859804,1,-7.382788486,-397,-1.396756482,9.574458508
0,63,8.024645053,12,-4.891059091,-552,-1.034458464,12.35080187
0,-10,7.670060714,4,-7.160529419,-139,0.18746083,10.27879622
0,-42,7.615170239,0,-6.272971976,-236,1.045520302,11.57011034
0,168,7.089790846,10,-8.877708205,-810,0.254754396,9.987906933
0,-171,7.074910095,8,-10.20326069,77,-0.688649323,6.756662497
0,-56,8.001392214,24,-4.377098277,-1059,0.182842811,6.824463749
0,-41,5.042049436,12,-3.526744425,-32,-1.048654852,13.76514918
0,-224,7.766431005,4,-8.123545995,-761,-0.027939218,9.388949253
0,101,8.265637006,5,-7.161724404,-210,-0.372131256,11.23936133
0,111,8.317761698,5,-0.430542529,-996,-1.428356396,4.550656812
0,18,5.912621577,27,-5.196138788,-642,-1.232228861,9.665667728
0,-250,6.697290015,20,-1.622947673,490,0.895032102,7.276721747
0,-99,7.683567398,5,-6.530040331,396,0.18587917,11.05905165
0,35,6.028161015,6,-8.658656892,-370,-0.068739166,14.36818303
0,29,7.843412814,6,-5.086429413,-390,0.085325133,12.22147796
0,-179,7.629710973,13,-4.715507376,-433,-1.66620497,12.4078454
0,-46,6.071066785,0,-1.045218982,-682,1.231992632,7.298246371
0,179,6.296316532,11,-4.855241414,126,0.274640779,10.08653562
0,31,7.311911604,19,-9.195770602,372,1.590525565,11.3472277
0,-129,7.057307626,5,-0.880967765,-30,-0.819982311,13.73281029
0,60,7.459695119,1,-10.83988606,-766,1.071290448,6.843655721
0,-47,7.534480413,0,-0.635112466,-732,1.72368882,6.599641346
0,-92,8.389644781,12,3.375599971,-63,0.956984895,8.028082818
0,-49,7.697833476,28,-9.374845131,-325,2.023281351,14.12793683
0,176,6.299939135,26,0.185652414,-340,-0.392218128,13.81573863
0,-128,7.157672882,3,-2.294297978,-263,0.700049123,11.13528893
0,11,6.591672695,3,-3.720185959,-667,-0.442183599,9.515200487
0,-73,7.448986865,2,-2.604158504,-330,-0.682037287,7.182760882
0,-105,8.114748587,15,-2.178767115,-507,-0.895152248,5.626486503
0,133,7.3260719,5,-1.334243633,-808,0.74065106,7.37647537
0,-221,8.658458382,11,0.207744798,-949,0.092606363,15.32652664
0,32,7.543854253,4,-1.000743166,-567,0.803599999,11.37890663
0,44,7.201205596,2,-3.576072118,480,-1.089723658,11.10789868
0,60,6.560142683,17,-3.925767734,-92,0.727091368,7.441977832
0,-133,6.198512846,5,-12.53445403,190,0.243066327,13.16651476
0,18,4.178372066,3,-6.612465607,-660,-0.856393899,10.57336115
0,-56,8.216827131,11,3.948354492,516,-2.176860067,7.750546922
0,-158,6.460586705,0,0.386788342,-115,0.394351954,11.16822825
0,-35,6.698393575,8,-9.772472025,-844,-1.160359849,6.462784419
0,54,7.103724737,18,-1.170275798,-577,0.40855138,4.694083303
0,-55,6.773174296,6,-3.366345055,150,1.028359207,14.49257318
0,-73,7.985132818,6,0.45215903,-102,0.476299435,9.658656268
0,-24,7.096910393,6,5.413233205,-509,-0.106604934,6.451089421
0,75,6.170281612,12,-6.611812396,138,1.288506145,9.638803249
0,-121,6.610112212,0,-3.159053168,757,-0.941027036,2.519679157
0,-59,7.586092671,28,-6.264752945,-603,-0.381744265,11.61859692
0,-26,7.860669142,1,0.398530558,-415,0.117099992,10.96287481
0,9,5.15951473,13,3.342402365,-373,-0.138485432,12.15899913
0,99,7.216271706,21,-1.757360867,-242,0.277875456,10.86846186
0,15,6.817354885,5,5.481547983,7,0.062015367,11.10921633
0,-92,5.861166964,11,-1.188577244,228,-1.129657789,6.983507127
0,66,7.028196535,5,-7.500695952,3,0.78947899,7.470918343
0,9,8.372491344,21,-10.4840767,23,-0.564747061,9.34583521
0,112,6.906345159,1,-2.580279424,-45,-0.403752224,5.880467842
0,-84,7.79526893,1,-2.348656584,-162,-0.456285748,10.82869104
0,-11,6.738612277,0,-15.65678732,-674,-0.659382597,7.378589449
0,-88,8.352538838,15,-2.059148494,378,-1.125849637,12.62511096
0,170,7.578955763,2,-4.010814528,-175,-0.839977894,10.35967841
0,181,7.792418291,0,1.477778998,-104,0.2390643,7.27249059
0,117,8.800342865,8,-5.143654692,44,1.582018687,12.01155334
0,74,6.790119513,12,-12.45757988,113,-2.401284247,4.89605255
0,38,8.213362291,24,-1.645554686,-261,0.611050614,3.31989022
0,150,8.129663295,2,1.115038829,469,-1.209306024,15.35537498
0,-102,8.386252054,24,-9.557675663,-93,1.166604149,11.08856688
0,-184,6.849930721,5,3.317876563,174,-0.263083774,8.606962937
0,91,7.489002671,6,-8.804046452,226,-1.538435416,7.613511422
0,128,6.891781804,7,-2.150070093,-262,1.559559152,8.894430546
0,20,8.192492256,3,-10.18191188,-787,1.397176581,11.00682974
0,-51,7.499918768,32,-3.244995463,391,0.785373602,12.03407729
0,-54,6.617133128,0,-2.201491823,216,0.757754962,7.449535431
0,218,8.18620565,0,-11.32438697,31,-0.46438171,4.78641075
0,-241,6.522794039,1,-4.432230266,286,-0.452512879,6.029190676
0,-75,6.526133927,0,0.455043336,-328,0.157006031,3.117763638
0,9,7.675050537,0,2.703719624,8,1.07457256,8.781945473
0,-29,6.877035398,8,-5.173385313,-235,-0.126622655,2.850064343
0,-118,7.612720992,19,-3.555126648,-504,0.145709615,7.702714054
0,119,6.033884179,1,0.323395819,28,0.493937173,9.156136197
0,-144,7.059377385,1,-3.798903086,531,-1.792003327,10.34264414
0,4,7.834223643,11,3.681094702,306,-0.182922704,4.264599315
0,55,5.970170912,22,-0.980933593,-198,-1.120121002,12.08022814
0,-71,6.854510552,10,-4.265525474,-74,-0.520280673,9.592077811
0,217,7.886109027,14,-12.00764815,-506,0.876092664,6.46957029
0,44,7.08436714,0,-3.690649407,-202,0.419132159,8.83193043
0,6,7.870106007,1,-5.78546546,-571,1.159876627,6.848174446
0,-41,8.393493286,6,-4.00048946,-344,-0.773137153,9.496585312
0,-52,8.27237248,22,-2.287418897,353,-1.326469011,13.35548029
0,28,5.830283936,2,-2.089102028,-374,-0.371107159,3.49867624
0,50,7.218863362,13,-8.909965647,-714,0.617827059,12.88716541
0,123,7.587731497,3,-6.301626311,-735,0.402555188,10.0648318
0,59,6.795147249,34,-2.893825441,-553,-1.016973898,14.01084376
0,-32,6.29399648,8,-6.214462364,42,-1.5079991,9.591263374
0,-18,6.165670097,7,-0.961566594,417,-0.900603764,12.6648899
0,-59,7.775550152,18,-3.302294496,-372,-1.15792508,10.61640878
0,4,8.227903126,5,-3.779934202,-299,0.038023839,10.39012636
0,3,8.085420166,5,-9.641238404,-348,-0.272738394,7.754806226
0,24,6.936547934,0,-1.727749193,-659,0.14823946,4.89395337
0,41,7.190682593,0,3.093858041,481,-0.379476579,4.896797021
0,91,7.509097855,4,6.088727798,-383,-0.156310296,3.03125531
0,82,6.629457463,0,-6.433962266,618,-0.31391166,10.52154063
0,-83,6.716106934,8,-4.381224631,-901,-0.189896477,5.855346435
0,-184,8.023724747,0,-5.920135246,-279,0.660292874,1.728438286
0,39,7.496459749,0,-2.925043891,-282,1.605577264,6.29650248
0,-73,6.381897435,10,-0.239694844,-472,1.241788158,13.9647208
0,24,7.201106808,2,-1.459263536,-827,0.817981759,12.32401802
0,-40,7.585009346,9,-3.10467779,187,0.488791725,6.905426974
0,-62,7.748169694,6,-4.866639384,220,-1.205329931,9.596712319
0,9,7.463936351,5,0.787308208,-296,-1.801145091,4.305478974
0,3,7.346521058,21,2.755081201,285,1.929811944,8.115698652
0,105,7.486577787,9,-6.77079402,855,0.06093655,6.548740599
0,16,6.58196163,16,-0.579561389,-209,-1.668071846,11.11451951
0,-52,8.584173805,8,-6.771935817,-264,0.095852367,6.573509691
0,-90,6.687558485,17,-2.171113066,-38,1.41840127,10.58308066
0,-3,8.152951693,0,-11.28414541,676,-0.734358831,4.237507158
0,144,8.923100414,14,-0.864630327,-603,-0.755703638,11.06283804
0,126,8.327532333,16,-5.223231497,156,-1.246670818,14.28103778
0,-116,4.905955425,6,-6.770458439,-196,0.68849411,7.437286084
0,-28,8.728592881,4,-5.760831257,69,-0.00438439,7.972587788
0,5,8.098469204,24,-5.698137952,-98,-0.156632344,11.1537618
0,-6,8.429910587,5,-5.847997294,367,2.030288807,4.768290933
0,45,5.343757645,10,-6.156992757,183,0.025818139,7.483196277
0,-40,7.879424462,8,-4.801260938,98,0.434078232,9.395496169
0,-85,6.948021096,22,1.870714094,-794,-0.954639979,10.10402685
0,-114,7.177945783,10,-3.156707502,-269,-1.926731092,13.03357969
0,-138,7.93279431,7,-2.114053372,152,-0.266156915,9.811691673
0,318,6.605929678,35,-6.407622141,-121,-0.37346039,9.549083425
0,41,6.564270337,2,6.966452608,293,-0.83525198,10.48588108
0,-63,7.856804232,1,-1.653815003,-578,0.429585208,7.183708825
0,18,7.195887588,14,-6.962349503,-640,0.282917589,5.965985903
0,-32,5.832838466,23,-0.275499737,-880,0.936785121,9.056823557
0,29,6.971957821,27,-2.262768248,-736,0.223510699,6.440266289
0,-188,6.444063889,24,7.547805833,-181,0.568817765,3.521095889
0,-96,5.85673864,10,-6.161901334,-221,-0.021165653,8.502005794
0,2,6.647331591,22,1.585427085,-647,-1.049067392,7.16642805
0,-114,6.323640515,3,-3.225090616,88,-0.930153935,10.68280882
0,-266,7.362368634,7,-12.0233104,-1035,0.817553496,13.19778241
0,-76,6.852886465,1,-2.098154975,-252,0.910506992,11.83045489
0,-112,7.834400998,4,-1.190096114,-20,2.226305753,9.003270124
0,-46,7.662191105,35,-1.970015389,-7,0.898043524,6.008739079
0,-124,7.668712459,12,-6.484168509,-263,-1.461279343,11.41228406
0,11,7.256666245,5,-4.985357032,95,-1.062147502,5.456260441
0,-160,6.618673919,5,-6.642769583,-1293,0.352408253,12.80145781
0,94,6.666425712,3,-3.170034195,-399,0.377132276,9.03627093
0,-2,8.323151879,2,-6.342160053,-139,-0.657137017,7.90132546
0,313,7.376408396,32,-6.468750114,-226,-0.031237878,10.88507745
0,52,7.757682192,5,-0.002027503,-446,1.122191657,8.626698781
0,151,8.188437485,1,-6.316679095,-292,1.198401016,9.388760305
0,97,7.602547106,29,-6.801325718,28,1.608663579,13.49830496
0,54,6.827775181,9,-3.76675784,-496,0.293428826,13.22955655
0,31,6.170943883,1,-4.895814178,-62,-2.023800117,2.362469402
0,109,7.31118524,3,-5.875664542,121,0.578322149,10.90909479
0,-215,7.133778624,5,-3.509226674,-130,-1.602415744,11.20172292
0,5,8.012132619,0,-5.268777227,600,-0.488878863,6.092874082
0,74,6.906608033,7,-3.740927937,-99,-1.106177438,11.65723593
0,123,8.242080697,0,-4.393008061,-872,0.2997159,7.136998436
0,-193,7.190301941,12,-3.729900641,176,-1.356234145,8.364646098
0,80,7.821092114,15,-3.90603256,-595,-0.285894549,10.88305217
0,-11,6.127598341,1,-7.473478978,-769,-0.283047098,6.129408707
0,60,6.887169306,4,3.579017158,332,-1.626974739,7.17905462
0,20,8.717335449,3,-2.270617825,184,-0.081596361,7.58937827
0,131,5.988832243,11,-2.657173103,-472,0.469645449,3.444934556
0,28,6.160688112,10,-8.593483201,97,-0.345421932,7.527051894
0,-34,8.481134553,2,-2.594148627,-67,-0.386970875,10.826846
0,35,7.468083099,4,4.248602228,-203,0.944906536,8.714811656
0,-23,6.103482047,16,4.930834946,-590,0.424122401,11.07834642
0,-105,6.382678675,5,-8.144155062,-204,-1.219939679,8.282788878
0,-96,7.784915353,4,-5.902493565,-906,1.020076377,9.90600413
0,68,6.62335295,4,-12.26941347,-213,-1.532819553,9.410825421
0,25,6.956665766,3,1.232923723,375,-1.027765652,13.37334927
0,96,7.741593659,5,0.583474136,-639,1.694517808,12.49467481
0,158,6.551715825,9,-3.726596416,-585,0.455575375,5.642285108
0,56,7.040488474,2,2.48510503,160,1.001388516,6.581981745
0,-73,6.382124132,1,-7.570873805,-734,1.303765892,9.813983915
0,-173,8.104937054,0,-1.695332393,-130,-0.354101307,9.788087952
0,-79,7.613590845,19,-8.605992068,-130,-0.834379438,6.93969486
0,-65,8.661235564,7,-6.006278029,228,0.520307467,6.723178121
0,43,8.154360961,1,-8.779415431,-723,0.284128915,10.87146109
0,101,7.202515559,38,-10.11998111,-30,0.222622404,11.11009406
0,-188,7.426890366,5,-3.504782873,-261,-0.30199096,9.565937571
0,87,6.350961759,25,1.915412156,544,0.442989056,9.319458378
0,33,8.300898536,1,-4.647923694,-128,0.760921809,7.305869081
0,10,8.646069698,1,-4.00716609,-301,-1.42096385,3.161347416
0,-182,4.812890422,0,0.359051982,-988,0.947711974,10.7027959
0,5,7.705414588,11,-0.150101211,-477,-0.116964006,7.103546457
0,-22,7.573702111,2,-8.46778219,-787,0.036490715,5.327310789
0,162,7.838394616,4,-2.372382784,-801,0.172597217,6.148222672
0,-16,8.091473812,14,-2.17397193,-253,0.619299547,10.06800734
0,54,7.573365585,0,-6.410079354,-580,0.172575619,9.299744009
0,106,7.806386147,1,-11.54490766,-548,-0.525406154,6.730443159
0,-47,7.835909636,0,-2.48931349,-62,-1.24111313,9.696633797
0,141,6.789467941,10,0.179969227,-548,-0.843483865,15.43763632
0,136,6.431988508,5,2.02740442,-527,-1.495436586,6.182807381
0,59,7.037966399,1,-6.758009005,-373,-0.297141434,9.239575619
0,-14,7.124100442,29,-0.296655023,673,1.862550625,9.725967552
0,33,7.136397926,2,-4.128502373,100,-0.253823067,7.544228993
0,-193,7.036576495,3,-3.327563402,-468,0.368833631,9.099865376
0,-156,7.845025287,63,2.072332066,726,0.491003874,13.01502549
0,-69,7.400719248,11,-4.787061735,201,-0.874663036,8.952881182
0,-73,8.080587113,8,0.042271329,-927,-1.020271309,13.28950267
0,-53,6.71856194,15,-9.799895255,-24,0.361559148,16.79822062
0,53,7.820464313,2,-3.540313907,738,0.741878009,7.970652882
0,35,8.045464202,19,-8.302712676,130,0.71775135,4.913160693
0,147,6.029727823,5,-3.741841685,272,-0.32134893,10.90765471
0,56,6.770488686,5,-2.262453725,-807,1.306834498,8.333076707
0,15,7.226612071,1,-10.41935472,-354,1.214171164,8.186483443
0,120,9.071512536,8,3.409873715,757,0.942380801,5.771349039
0,42,7.985492334,20,-11.51669959,-970,0.765990967,15.15499868
0,99,7.357129542,1,-2.248708194,-447,0.324772172,10.92836792
0,58,7.921813802,10,-8.910100051,-88,-0.315619988,7.690227015
0,-27,6.535453646,3,-0.460356934,-134,1.215539955,12.56565889
0,76,8.318928124,8,-3.36211166,64,0.655333103,10.32026444
0,106,5.880317337,47,-6.490376991,-302,0.847241458,5.923911144
0,40,6.962073415,6,-5.222774044,-429,-0.768634415,10.86004288
0,116,7.906755081,3,-4.031502773,-349,0.022585709,8.13190574
0,125,6.623757852,11,-7.627533708,-290,0.635199956,7.24936272
0,-79,6.943342307,1,-1.779906272,487,0.845345231,8.779925641
0,-234,6.457691852,4,3.056458648,-306,0.561076198,7.837373605
0,78,6.375192805,19,-1.07037113,-411,-0.141563091,6.759383301
0,12,7.372504599,11,-4.849649836,-210,-0.339606562,5.582044414
0,127,6.243625722,8,-10.22526612,159,-1.635316304,10.59644065
0,-94,7.584681671,0,-7.477344431,-23,0.966248084,7.384671764
0,6,6.785925453,0,-0.705273336,-29,1.071564938,11.12025984
0,113,6.612626525,8,-8.738065081,-90,-1.267925006,10.78647638
0,-61,7.287688,2,4.083492213,415,0.550051104,12.63631641
0,16,6.080033513,6,-2.039352678,-79,-0.708474317,13.07519682
0,16,7.586198433,0,-4.686968432,-496,1.35228794,7.242643963
0,170,7.554291744,14,-6.720895389,-376,0.563643082,10.51244234
0,-103,6.943763322,4,-0.333223726,-104,0.241798476,8.214021238
0,177,6.962997138,14,-6.427122433,-101,-1.195669755,15.03619104
0,121,5.809081926,4,-4.604664978,-675,-0.098518861,4.138072299
0,-76,8.52510869,1,-2.060485646,-409,0.224748377,9.787575777
0,-61,8.444046794,6,2.929438676,-108,0.293957023,10.66502235
0,-184,6.587003675,4,-0.860368544,53,0.924091822,5.702814983
0,121,8.084732811,0,-7.716988891,-413,0.102169741,8.795680256
0,72,7.115674801,7,-6.077791032,24,2.125670487,11.05541519
0,82,6.71237846,14,-2.710092387,710,1.845295169,4.614911089
0,-143,7.515796012,3,-1.724768063,27,0.290382698,6.636220152
0,-106,7.328027135,10,-2.99866763,-561,0.17757431,5.966630521
0,-76,6.922824029,3,-10.26634389,-74,0.811041048,9.319581616
0,-69,7.751602385,5,-4.185020917,-533,0.368724894,6.51670168
0,7,5.62935712,9,-4.654226648,134,-0.239020152,8.615210773
0,16,7.025682776,12,-0.233267166,17,-0.521923142,8.719310127
0,138,8.201170743,11,-5.63871461,-250,0.623436238,12.01304828
0,55,7.36609108,5,-0.72638796,-359,0.776759599,4.726057506
0,-183,7.550618553,40,-5.217795315,-502,-0.502353972,15.25168272
0,-1,7.658875017,2,1.033480684,-565,-1.398952773,11.03996965
0,7,6.03707019,12,1.345152244,219,0.718640006,8.118632309
0,157,8.816435756,0,-3.928516786,119,-0.695335406,13.92401306
0,-120,7.247607259,6,-3.333149749,-434,-0.096933751,9.188812517
0,33,6.50909209,11,-4.008445451,-104,0.063853616,7.487342897
0,-23,7.227707328,3,-5.878821755,-582,0.040491817,4.592437308
0,-94,7.248504176,10,1.682590732,29,0.007253191,9.39607237
0,-123,7.198310401,18,-5.683459065,-178,0.098212192,8.794774716
0,-35,6.997243791,12,-10.2274497,-285,-0.511612005,10.75967983
0,-77,6.994257091,0,-5.002766507,-531,-0.639212714,8.083855995
0,-60,7.773765437,14,-2.143059171,-65,-0.173099155,11.03470336
0,-43,6.445873278,7,0.174089677,-166,-0.111042235,10.03773628
0,-42,6.650768504,0,-10.06383273,17,-0.272281154,8.225174929
0,-4,6.346468858,24,-0.831768112,-472,-0.991808911,5.237411444
0,-42,5.166516675,26,3.24696684,-131,-0.297176367,10.87341474
0,-139,8.222443074,2,0.674071256,-230,0.351753465,12.16612419
0,69,6.927092022,6,-3.572845355,-34,1.089169383,4.422603282
0,-143,7.866173126,11,-12.95711222,74,-0.436823058,6.253125255
0,-48,7.687621879,13,-1.467786949,412,-0.485548024,9.940692731
0,-18,6.431132568,6,0.031483364,-571,0.143484056,9.474591426
0,31,8.007627758,12,-0.798935589,229,-0.86739634,6.932854028
0,-101,6.973734429,14,-6.191698373,-281,0.934091803,11.08849302
0,-104,8.389025092,3,-10.02616603,-143,0.36153523,8.617525328
0,-88,6.988049936,10,0.735780008,-24,-0.920198617,6.419005438
0,87,7.154123964,2,-2.009325534,9,2.258424103,5.634256295
0,-63,7.639429915,1,4.996424026,-238,0.98336797,14.17103714
0,-34,8.446525865,29,-11.06363406,22,-0.241748288,5.390934191
0,45,7.221359001,0,-9.774780912,-4,0.199291208,7.961709689
0,59,6.264655654,0,-3.059747651,-148,-1.162990078,10.361401
0,50,7.547404321,31,-5.993731528,16,-0.124797167,14.51880731
0,-113,7.330440895,0,-7.273195485,-511,0.669859489,3.220575085
0,-61,7.19592046,4,-10.07531311,-601,-0.337337821,5.582222371
0,-140,7.838946162,2,-13.15550758,-972,-0.477808976,11.55436995
0,32,6.679700386,12,-8.587985546,77,1.760293397,6.802279006
0,-137,7.344169758,0,-1.186669986,208,-0.052196641,9.068560146
0,-49,8.258079115,0,-5.428514944,-117,-0.343380329,5.725650855
0,35,5.806433667,18,0.217108879,-157,0.31428971,6.759545708
0,61,6.941218722,7,-2.7693574,-559,-1.626078682,11.75195805
0,-9,7.567983999,10,-6.314667235,-721,-1.381025425,11.52420954
0,-210,7.3302104,5,-0.050326711,-311,-0.973534945,9.510744058
0,-10,7.202709634,0,-9.83136626,-109,1.309517311,7.244048281
0,73,8.456528223,12,-0.762023575,-163,0.67007526,13.52837998
0,52,6.749738481,4,-4.061049472,485,1.183146527,7.182870546
0,-81,7.511225035,4,-5.534634414,-260,-0.631283403,9.955396328
0,-10,8.418739096,0,-4.541719866,-363,-0.772860264,10.44887262
0,-120,7.818419849,5,-0.31585353,12,1.994368322,8.278702313
0,-19,6.493978422,5,-3.089504937,97,-0.81883324,7.513127467
0,-40,7.09557805,1,-1.435067081,269,1.038464006,5.202272991
0,-48,7.571163022,15,-1.175358337,-600,-1.22340072,10.03303213
0,37,7.079555282,2,-5.554870438,-253,-0.793725409,12.24479386
0,36,6.487655572,0,-2.570903562,593,-0.568739006,8.291913224
0,64,8.143095048,5,2.40537595,-155,1.120657045,12.07704557
0,-23,7.856021343,4,-2.614776886,-436,-1.026541152,8.675896539
0,-151,7.703028023,1,-3.086069742,-216,0.117290727,8.846291067
0,-154,7.96565018,2,-3.883520233,-474,-0.304919747,8.546892022
0,45,5.901065704,1,-5.269689086,-315,-0.738839086,13.6569084
0,-153,7.491569829,10,-7.894464272,-120,1.264725446,13.87685737
0,154,8.325176146,9,-8.448503814,-326,1.241226938,8.343281719
0,39,7.828771168,5,-2.013987887,-289,-0.241056916,11.28363061
0,-92,6.943361461,2,-11.06112333,-147,-0.271036185,11.67938804
0,212,4.109376447,16,-1.394782999,-805,-0.761586514,6.898776139
0,-45,7.839856402,16,5.501838213,601,-0.719119205,10.43229272
0,57,8.656972492,7,-5.586293315,-585,-0.583666174,3.541242805
0,-135,6.901543275,26,-6.019814616,-471,0.964576694,8.043829686
0,34,8.375525759,2,-13.76380867,-583,1.296263972,12.56484012
0,-179,8.080595448,2,-7.017051842,-276,-2.09621676,11.46008625
0,9,6.307224416,1,-5.105313419,17,-0.995538463,9.108408983
0,-64,8.371820109,11,-5.141145454,-65,0.223412776,12.52848406
0,19,7.256870783,1,-4.291720453,-198,-1.035891451,1.262913297
0,-189,7.821968436,8,-4.517772139,507,-0.146976444,9.849338105
0,40,7.290613057,1,-8.093404474,410,0.327009341,8.44807018
0,86,6.12642374,4,-2.803317737,-188,0.786385616,6.150365841
0,-15,7.015943711,6,-6.348123738,-114,0.291465737,7.934900809
0,-328,7.740884358,5,-8.504240609,-628,0.101697736,5.6698893
0,78,6.623561363,1,-15.26497099,-83,-0.152549465,11.30589588
0,6,7.49957126,8,-4.250636201,-664,0.13342619,10.03165678
0,-27,6.312052792,0,-4.927663069,-393,1.00825892,7.326286109
0,210,7.348553719,26,-3.677112183,303,-0.197342343,7.74981448
0,3,5.650071642,3,-1.107564614,-551,0.092544065,11.91990689
0,152,8.429007315,27,-8.303620436,-56,0.171284528,6.609482613
0,21,7.327140532,22,-6.238547233,-9,2.223161145,9.672632216
0,-105,6.551004287,5,-3.720736745,-633,-0.622388991,12.7147537
0,68,6.583620365,2,-2.533065851,-68,0.766037494,11.32493111
0,114,7.929106088,10,-3.551002427,214,-0.650191918,6.443449378
0,28,8.398223517,4,0.476003677,-495,-0.777241903,5.628016903
0,-136,7.142094059,13,-5.26821721,122,0.645839797,5.247263209
0,35,7.969660009,49,-4.733177962,539,-0.757995362,5.011722561
0,66,6.89628009,18,-6.362911839,311,-1.284165375,7.497914331
0,-46,6.381347038,5,-11.3143534,-43,-1.390001197,11.86085195
0,255,6.418025945,1,1.069345425,-99,-0.084783839,10.69106202
0,-165,5.878606068,19,-0.358797041,-555,-0.858862173,3.959598249
0,-50,7.88792156,15,-2.746682264,44,-1.274100879,14.25777921
0,94,7.55868642,1,-2.096670775,282,0.028975059,5.541743909
0,73,6.240157359,8,-7.687277022,-754,-0.641586681,7.063189959
0,-71,7.415312369,0,1.745917192,-170,0.139204921,4.947864083
0,167,7.888666865,9,-6.436216122,440,-1.567608186,7.25890208
0,78,6.068314898,35,-7.353294846,-786,0.184955692,10.33257338
0,37,6.664247408,18,1.12745165,-318,1.258978671,10.90332385
0,238,7.865623229,17,-3.31576419,589,0.847596538,11.36699766
0,-76,7.084291445,2,-7.235014009,-634,-2.811113781,4.623473737
0,120,7.183449269,6,-7.558421714,729,-0.420685371,6.101762457
0,-58,8.911125151,1,-12.16473656,-100,-2.286644415,7.971883735
0,-23,5.284377298,17,-1.767044958,-258,0.233287619,10.00793563
0,0,7.861030407,21,-7.897991894,-125,0.022511583,11.88146021
0,80,7.500228763,11,-7.624111497,-479,0.046010671,8.760015177
0,78,7.557479988,15,-0.633691696,-518,0.788325522,7.395219298
0,10,5.622239145,4,-8.966649367,499,-1.155365464,8.823028766
0,19,7.170061845,9,-14.35141118,-420,1.177773412,4.713571482
0,-22,7.813884467,24,-1.86269193,-58,-0.473715282,10.87152381
0,-101,7.909264955,14,-11.2726132,-53,0.596581676,5.503219776
0,-82,7.798680776,1,-10.90082696,177,-0.987355067,5.607980619
0,104,7.246231967,3,-6.26216818,69,0.157207458,7.00069554
0,-156,5.884004777,2,3.632065878,-504,-0.572206224,11.52475496
0,-66,7.670559441,23,-3.635741631,-946,1.065548857,6.62102943
0,-187,7.252464555,13,-3.958768255,47,-1.630251195,16.41144825
0,181,6.808241106,2,-1.112168677,54,-1.63483546,8.383299311
0,64,5.80453853,36,-7.287740121,248,-0.538769917,8.298456974
0,-47,5.609887855,16,-1.518850796,169,0.234815242,6.857595848
0,-36,6.252461224,18,1.881202941,-682,2.000724727,13.98163236
0,27,8.133706346,9,5.493220711,-11,1.176495509,7.519179154
0,-100,5.818740285,1,-4.698743617,-233,-0.614189953,9.956958389
0,177,6.755512403,1,-8.18597972,187,0.842225732,4.110507591
0,165,8.120234884,2,-3.165349508,-726,-0.136324584,8.510178414
0,81,6.812105254,5,-4.967906997,-469,0.062216135,4.945928591
0,104,8.44146282,10,-6.103774486,-192,0.126979306,10.41900112
0,-145,7.172991517,40,-0.790524538,-309,-0.089222291,13.20528687
0,-109,6.285220217,6,-2.016278272,-205,-0.444194426,16.25552476
0,-86,7.330374739,13,-9.30998423,92,-0.251557339,3.415095437
0,20,8.103007962,12,-5.979507925,-151,-0.27888544,7.054503602
0,5,7.430510197,1,-8.229235503,-499,-0.874282796,9.721136726
0,62,6.87337058,1,-2.599239636,-146,1.005796917,6.954688712
0,-5,7.664249239,11,-5.791240041,-499,-0.273837012,5.372340854
0,226,5.994239656,1,-9.643333727,46,-1.18483611,12.87050157
0,-16,8.730309342,28,-7.184628041,-362,0.243175185,12.73664645
0,-47,6.619834804,1,-5.734504893,284,-1.112073772,13.11828895
0,41,7.88723185,11,-7.040560029,-490,0.471747163,10.20869257
0,-138,8.362630551,5,-11.72876561,124,-0.612693679,10.05606104
0,-70,7.277885646,17,-4.431789859,335,-1.016139015,7.557554042
0,84,5.980226144,1,-3.810749647,-536,-0.866690406,17.07624913
0,86,6.772441004,8,-6.888871224,-71,-0.130379104,2.897194844
0,7,6.893537331,5,-10.64058875,-395,-0.802430263,6.679438955
0,35,8.279819254,21,-7.867452575,48,0.955322839,11.1876339
0,150,8.13440275,0,-0.316255043,-139,0.832574788,11.84643998
0,149,5.240485642,3,-9.518826464,166,0.193944387,9.781560357
0,-133,7.539875689,9,-8.38398091,92,-0.449629999,3.935341883
0,120,6.979841357,4,-8.353187295,29,0.627169747,9.413127031
